{
  "schema_version": "1.0",
  "fitted_at": "2026-06-06T13:00:10.598935+00:00",
  "config": {
    "n_components": 7,
    "covariance_type": "diag",
    "n_iter": 300,
    "tol": 0.0001,
    "min_covar": 0.001,
    "init_method": "kmeans",
    "random_state": 42
  },
  "metadata": {
    "n_features": 3,
    "feature_names": [
      "returns",
      "range",
      "volume_change"
    ],
    "converged": true,
    "log_likelihood": -6951.482561529297
  },
  "scaler": {
    "mean": [
      -8.676844495586802e-06,
      0.005841627262616529,
      0.0001994683000128444
    ],
    "scale": [
      0.005003747373213017,
      0.004765548322731564,
      1.1596495793741768
    ]
  },
  "parameters": {
    "startprob": [
      6.25577522814263e-105,
      0.0,
      0.9949940810726181,
      0.0,
      0.0,
      0.005005918927381894,
      0.0
    ],
    "transmat": [
      [
        0.2057392399904158,
        0.15420055994178472,
        0.1354205508355938,
        0.03400697864527432,
        0.32896002894866355,
        0.08923238929754447,
        0.052440252340723296
      ],
      [
        0.14448268882507773,
        0.4287796149975948,
        0.01322030228789266,
        0.0929044027026229,
        0.1617989538317192,
        0.05977316598470007,
        0.09904087137039265
      ],
      [
        0.0711703140612479,
        0.014945564316524988,
        0.3282293089910982,
        0.012875108626651819,
        0.5018287308558266,
        0.05928784794290115,
        0.011663125205749364
      ],
      [
        0.06229415093457735,
        0.10535016469481602,
        3.730115459370592e-49,
        0.27414098143493587,
        0.003980782156054392,
        0.0822375512256946,
        0.4719963695539217
      ],
      [
        0.06872717981879382,
        0.05275070906357925,
        0.16092647683634848,
        0.00863466338054077,
        0.642268908044463,
        0.049412614125608774,
        0.017279448730665857
      ],
      [
        0.02076651805821803,
        0.05725535008332208,
        0.1211149811961361,
        0.023394772458096968,
        0.17321293174209476,
        0.46408876838349394,
        0.14016667807863817
      ],
      [
        0.04224192229687867,
        0.16370285751742514,
        0.005437988334035731,
        0.08964696300308554,
        0.0245358401101604,
        0.2951544955255036,
        0.37927993321291104
      ]
    ],
    "means": [
      [
        0.10484904464729014,
        0.22218231922183168,
        0.2212793953567963
      ],
      [
        -0.08535328251836959,
        0.574812591607766,
        -0.0001707690742554074
      ],
      [
        0.008213024715147163,
        -0.626058219849217,
        -0.2605993422821513
      ],
      [
        -0.2380530429507396,
        3.161456504412773,
        0.8282453695226611
      ],
      [
        0.001282203047761896,
        -0.5316039387796573,
        -0.00017202218345001045
      ],
      [
        0.05869579526991098,
        -0.15349286475914684,
        -0.19504325619985666
      ],
      [
        0.014717811627895847,
        0.9929580258866539,
        0.10673674952036111
      ]
    ],
    "covars": [
      [
        [
          0.805919820633916,
          0.0,
          0.0
        ],
        [
          0.0,
          0.17296524082194,
          0.0
        ],
        [
          0.0,
          0.0,
          4.283311609267824
        ]
      ],
      [
        [
          1.4012461349856926,
          0.0,
          0.0
        ],
        [
          0.0,
          0.4031085327180012,
          0.0
        ],
        [
          0.0,
          0.0,
          5.376225151332091e-06
        ]
      ],
      [
        [
          0.09659202070981837,
          0.0,
          0.0
        ],
        [
          0.0,
          0.038194151893936774,
          0.0
        ],
        [
          0.0,
          0.0,
          2.757961974928691
        ]
      ],
      [
        [
          10.704570670191147,
          0.0,
          0.0
        ],
        [
          0.0,
          3.048101997543498,
          0.0
        ],
        [
          0.0,
          0.0,
          1.9549239530227027
        ]
      ],
      [
        [
          0.16693771810682284,
          0.0,
          0.0
        ],
        [
          0.0,
          0.0910142393904882,
          0.0
        ],
        [
          0.0,
          0.0,
          1.4746478439131719e-06
        ]
      ],
      [
        [
          0.3561399009644323,
          0.0,
          0.0
        ],
        [
          0.0,
          0.0758234665907944,
          0.0
        ],
        [
          0.0,
          0.0,
          0.569186001720403
        ]
      ],
      [
        [
          1.9589275249630937,
          0.0,
          0.0
        ],
        [
          0.0,
          0.33901163527073974,
          0.0
        ],
        [
          0.0,
          0.0,
          0.733857134558858
        ]
      ]
    ]
  }
}