{
  "schema_version": "1.0",
  "fitted_at": "2026-06-06T12:58:57.667081+00:00",
  "config": {
    "n_components": 3,
    "covariance_type": "diag",
    "n_iter": 200,
    "tol": 0.0001,
    "min_covar": 0.001,
    "init_method": "kmeans",
    "random_state": 42
  },
  "metadata": {
    "n_features": 1,
    "feature_names": [
      "feature_0"
    ],
    "converged": true,
    "log_likelihood": -1970.5184202285086
  },
  "scaler": {
    "mean": [
      -0.0008030648803849987
    ],
    "scale": [
      0.013705828449139246
    ]
  },
  "parameters": {
    "startprob": [
      1.0,
      1.116841023320948e-31,
      2.384270605668735e-289
    ],
    "transmat": [
      [
        6.202554426366328e-05,
        0.9998883169367575,
        4.9657518978760116e-05
      ],
      [
        0.9053510337986694,
        0.0002309674325768187,
        0.09441799876875377
      ],
      [
        0.045133560435416394,
        0.001807479672505239,
        0.9530589598920783
      ]
    ],
    "means": [
      [
        0.03370442004410957
      ],
      [
        0.041402334397647886
      ],
      [
        -0.037539488363595004
      ]
    ],
    "covars": [
      [
        [
          0.29666234980110195
        ]
      ],
      [
        [
          0.2712734049262288
        ]
      ],
      [
        [
          1.712881148968563
        ]
      ]
    ]
  }
}